{"5-stairs":{"BoundingBox":{"Max":{"X":12080.3115234375,"Y":9293.8408203125,"Z":7700.03759765625},"Min":{"X":4998.25146484375,"Y":-20202.78515625,"Z":2700}},"id":"158795"},"Level 1":{"BoundingBox":{"Max":{"X":37556.48046875,"Y":20091.669921875,"Z":8000.064453125},"Min":{"X":-45054.9609375,"Y":-20402.787109375,"Z":-3200}},"id":"311"},"Level 2":{"BoundingBox":{"Max":{"X":23096.041015625,"Y":9493.7607421875,"Z":7999.9521484375},"Min":{"X":-7303.10107421875,"Y":-23478.400390625,"Z":-900}},"id":"694"},"Level 3":{"BoundingBox":{"Max":{"X":-6309.087890625,"Y":16931.3828125,"Z":4400.00341796875},"Min":{"X":-14319.279296875,"Y":3369.198486328125,"Z":-400}},"id":"127854"},"Level 4":{"BoundingBox":{"Max":{"X":50218.90625,"Y":18749.75390625,"Z":5500.044921875},"Min":{"X":-33618.7109375,"Y":-25215.849609375,"Z":-900}},"id":"127939"},"Level 5":{"BoundingBox":{"Max":{"X":50206.81640625,"Y":18549.67578125,"Z":8747.08984375},"Min":{"X":-42946.5,"Y":-17885.73828125,"Z":2850}},"id":"127998"},"Level 6":{"BoundingBox":{"Max":{"X":27619.484375,"Y":5178.0888671875,"Z":11500.0517578125},"Min":{"X":6333.0595703125,"Y":-16108.3369140625,"Z":7411.03759765625}},"id":"128048"},"Level 7":{"BoundingBox":{"Max":{"X":26209.298828125,"Y":3737.58544921875,"Z":14500.02734375},"Min":{"X":7760.93505859375,"Y":-14682.390625,"Z":7699.99951171875}},"id":"128140"},"Level 8":{"BoundingBox":{"Max":{"X":26804.396484375,"Y":4393.8291015625,"Z":14600.0830078125},"Min":{"X":7148.0546875,"Y":-15302.7861328125,"Z":14199.9990234375}},"id":"128187"}}
