{"drawingList":[{"viewInfo":{"id":"212697","name":"A102 - Unnamed","viewType":"DrawingSheet","levelId":"","elevation":0.0,"outline":[82.636895445071133,-187.82897981268408,785.47073013092336,719.55098884928725],"cropBox":[-30479.998779296875,-30479.998779296875,-304799.98779296875,30479.998779296875,30479.998779296875,-30.479998779296878],"viewPoint":{"origin":[0.0,0.0,0.0],"upDirection":[0.0,1.0,0.0],"rightDirection":[1.0,0.0,0.0],"viewDirection":[0.0,0.0,1.0],"scale":1},"preview":{"path":"resource/thumbnails/212697/212697.png","width":1024,"height":1322},"thumbnails":["resource/thumbnails/212697/212697.96x96.png"]},"portsAndViews":[{"viewport":[82.636895445071133,-187.82897981268408,-962.87664322705314,785.47073013092336,719.55098884928725,76.44807078175738],"viewId":"212286","viewType":"ThreeD","outline":[-269.86797607341583,-449.25051009657449,426.86985885657697,452.03345880953759],"elevation":0.0,"viewPoint":{"origin":[-33698.246961601755,-3332.6133513795221,42837.560709852216],"upDirection":[0.58879102036546682,0.24872352707821033,0.76906549878067432],"rightDirection":[0.38913518517174917,-0.921180659621851,8.3266726846886741E-17],"viewDirection":[-0.70844826345918943,-0.2992704452772213,0.63916997628583339],"scale":100}}]},{"viewInfo":{"id":"259537","name":"A103 - Unnamed","viewType":"DrawingSheet","levelId":"","elevation":0.0,"outline":[-192.31014839004416,-34.716292805529356,639.77596804867892,666.85658858776685],"cropBox":[-30479.998779296875,-30479.998779296875,-304799.98779296875,30479.998779296875,30479.998779296875,-30.479998779296878],"viewPoint":{"origin":[0.0,0.0,0.0],"upDirection":[0.0,1.0,0.0],"rightDirection":[1.0,0.0,0.0],"viewDirection":[0.0,0.0,1.0],"scale":1},"preview":{"path":"resource/thumbnails/259537/259537.png","width":1024,"height":863},"thumbnails":["resource/thumbnails/259537/259537.96x96.png"]},"portsAndViews":[{"viewport":[-192.31014839004416,-34.716292805529356,-609.95857855691793,639.77596804867892,666.85658858776685,414.98703064482748],"viewId":"128335","viewType":"ThreeD","outline":[4.4863062041426192,-223.97624341718407,830.47642288700649,471.50063822025277],"elevation":0.0,"viewPoint":{"origin":[-27657.891908277103,29118.07326387435,1336.0042411594723],"upDirection":[0.41437085150332009,0.20292049032321297,0.887197876480439],"rightDirection":[0.43980772187152911,-0.89809195953187582,-2.5241562867928118E-06],"viewDirection":[-0.79678476717780533,-0.39019752284091008,0.46138912856961461],"scale":100}}]},{"viewInfo":{"id":"259694","name":"A104 - Unnamed","viewType":"DrawingSheet","levelId":"","elevation":0.0,"outline":[-294.48521403887628,95.584324157735438,704.75103303773153,645.74508390301037],"cropBox":[-30479.998779296875,-30479.998779296875,-304799.98779296875,30479.998779296875,30479.998779296875,-30.479998779296878],"viewPoint":{"origin":[0.0,0.0,0.0],"upDirection":[0.0,1.0,0.0],"rightDirection":[1.0,0.0,0.0],"viewDirection":[0.0,0.0,1.0],"scale":1},"preview":{"path":"resource/thumbnails/259694/259694.png","width":1024,"height":563},"thumbnails":["resource/thumbnails/259694/259694.96x96.png"]},"portsAndViews":[{"viewport":[-294.48521403887628,95.584324157735438,-923.32956646640741,704.75103303773153,645.74508390301037,13.310536596820501],"viewId":"259552","viewType":"ThreeD","outline":[-464.32089185630736,-276.77644192421286,528.81935546444117,267.28831806520282],"elevation":0.0,"viewPoint":{"origin":[25077.381834351254,-37468.789933262684,27160.993158528217],"upDirection":[-0.17783290029906276,0.26616983493868973,0.94738011301691061],"rightDirection":[0.83149284121853351,0.55553546691667743,-5.5511151231257827E-17],"viewDirection":[0.52630325343242412,-0.7877397818863664,0.320110795600626],"scale":100}}]},{"viewInfo":{"id":"259707","name":"A105 - Unnamed","viewType":"DrawingSheet","levelId":"","elevation":0.0,"outline":[-276.22770898252975,-13.409009994804917,702.61652881352961,722.55214055512783],"cropBox":[-30479.998779296875,-30479.998779296875,-304799.98779296875,30479.998779296875,30479.998779296875,-30.479998779296878],"viewPoint":{"origin":[0.0,0.0,0.0],"upDirection":[0.0,1.0,0.0],"rightDirection":[1.0,0.0,0.0],"viewDirection":[0.0,0.0,1.0],"scale":1},"preview":{"path":"resource/thumbnails/259707/259707.png","width":1024,"height":769},"thumbnails":["resource/thumbnails/259707/259707.96x96.png"]},"portsAndViews":[{"viewport":[-266.77570936107588,3.4327270421694265,-960.79341745776753,702.61652881352961,722.55214055512783,119.45577961453895],"viewId":"259603","viewType":"ThreeD","outline":[-363.43964729763155,-389.22230637346166,599.85659112111466,323.80110738363743],"elevation":0.0,"viewPoint":{"origin":[-33832.304038236369,-18102.678717803516,33700.90115560234],"upDirection":[0.35374300346679033,0.3020212458117072,0.885239546437369],"rightDirection":[0.64931897735326538,-0.76051618368638918,-5.2735593669694926E-16],"viewDirection":[-0.67323900150481786,-0.57480283700538115,0.46513540547174143],"scale":100}}]},{"viewInfo":{"id":"259743","name":"A106 - Unnamed","viewType":"DrawingSheet","levelId":"","elevation":0.0,"outline":[-327.32108716131893,56.611552870874142,787.617212315502,736.43937954561284],"cropBox":[-30479.998779296875,-30479.998779296875,-304799.98779296875,30479.998779296875,30479.998779296875,-30.479998779296878],"viewPoint":{"origin":[0.0,0.0,0.0],"upDirection":[0.0,1.0,0.0],"rightDirection":[1.0,0.0,0.0],"viewDirection":[0.0,0.0,1.0],"scale":1},"preview":{"path":"resource/thumbnails/259743/259743.png","width":1024,"height":624},"thumbnails":["resource/thumbnails/259743/259743.96x96.png"]},"portsAndViews":[{"viewport":[-327.32108716131893,56.611552870874142,-135.55613193792581,787.617212315502,736.43937954561284,83.047996673984485],"viewId":"695","viewType":"FloorPlan","outline":[-505.00143466037355,-277.8275284186127,603.840865060588,395.90429850026663],"elevation":-899.99996395607207,"viewPoint":{"origin":[0.0,0.0,0.0],"upDirection":[0.0,1.0,0.0],"rightDirection":[1.0,0.0,0.0],"viewDirection":[0.0,0.0,1.0],"scale":100}}]},{"viewInfo":{"id":"259762","name":"A107 - Unnamed","viewType":"DrawingSheet","levelId":"","elevation":0.0,"outline":[-11.582179875820204,156.23987910865691,587.75954027882244,400.85952277208946],"cropBox":[-30479.998779296875,-30479.998779296875,-304799.98779296875,30479.998779296875,30479.998779296875,-30.479998779296878],"viewPoint":{"origin":[0.0,0.0,0.0],"upDirection":[0.0,1.0,0.0],"rightDirection":[1.0,0.0,0.0],"viewDirection":[0.0,0.0,1.0],"scale":1},"preview":{"path":"resource/thumbnails/259762/259762.png","width":1024,"height":417},"thumbnails":["resource/thumbnails/259762/259762.96x96.png"]},"portsAndViews":[{"viewport":[-11.582179875820204,156.23987910865691,-1159.6150516286866,587.75954027882244,400.85952277208946,3.0479998779296875],"viewId":"8176","viewType":"Elevation","outline":[-334.09377793649656,-104.52364927418141,259.15194246228674,133.99999463339176],"elevation":0.0,"viewPoint":{"origin":[70587.489622818161,1445.0072905533596,1199.9999519408216],"upDirection":[0.0,0.0,1.0],"rightDirection":[0.0,1.0,0.0],"viewDirection":[1.0,0.0,0.0],"scale":100}}]},{"viewInfo":{"id":"259784","name":"A108 - Unnamed","viewType":"DrawingSheet","levelId":"","elevation":0.0,"outline":[-213.2077531819584,45.048639654933133,651.37357267564812,572.16987638855335],"cropBox":[-30479.998779296875,-30479.998779296875,-304799.98779296875,30479.998779296875,30479.998779296875,-30.479998779296878],"viewPoint":{"origin":[0.0,0.0,0.0],"upDirection":[0.0,1.0,0.0],"rightDirection":[1.0,0.0,0.0],"viewDirection":[0.0,0.0,1.0],"scale":1},"preview":{"path":"resource/thumbnails/259784/259784.png","width":1024,"height":624},"thumbnails":["resource/thumbnails/259784/259784.96x96.png"]},"portsAndViews":[{"viewport":[-213.2077531819584,45.048639654933133,-628.6567057412127,651.37357267564812,572.16987638855335,433.68515782912095],"viewId":"259777","viewType":"ThreeD","outline":[-11.761298505296907,-151.18631108043,846.72402759645036,369.83892589733091],"elevation":0.0,